{"cameraMode":{"drawMode":0,"name":"Shaded","section":"Shading Mode"},"sceneLighting":true,"audioPlay":false,"sceneViewState":{"showFog":false,"showMaterialUpdate":false,"showSkybox":false,"showFlares":false,"showImageEffects":false,"showParticleSystems":false},"in2DMode":false,"pivot":{"x":116.030029296875,"y":-55.99505615234375,"z":56.33514404296875},"rotation":{"x":-0.07485513389110565,"y":-0.9126720428466797,"z":0.35170114040374758,"w":-0.19424931704998017},"size":368.643798828125,"orthographic":false}