{"cameraMode":{"drawMode":0,"name":"Shaded","section":"Shading Mode"},"sceneLighting":false,"audioPlay":false,"sceneViewState":{"showFog":false,"showMaterialUpdate":false,"showSkybox":false,"showFlares":false,"showImageEffects":false,"showParticleSystems":false},"in2DMode":false,"pivot":{"x":-12.66947078704834,"y":76.37850952148438,"z":11.177099227905274},"rotation":{"x":0.3665633797645569,"y":0.001393779064528644,"z":-0.0005483657005243003,"w":0.9303919076919556},"size":35.001792907714847,"orthographic":false}